Teams,Avg Pos,Avg Spend
Arsenal,4.363636364,130.4163636363636
Aston Villa,12.0,116.61875
Bournemouth,13.125,80.63374999999999
Brighton,12.125,99.5675
Burnley,15.0,39.045
Chelsea,4.818181818,236.75
Crystal Palace,12.27272727,50.99454545454546
Everton,11.63636364,80.58545454545454
Leicester,9.9,73.366
Liverpool,3.545454545,114.79818181818182
Man City,1.818181818,187.5754545454546
Man Utd,5.454545455,180.70000000000002
Newcastle,10.8,92.24300000000001
Southampton,13.5,79.181
Spurs,5.818181818,120.27545454545452
Watford,15.5,59.48333333333334
West Ham,10.81818182,96.6909090909091
Wolves,11.42857143,107.47142857142856
